outcome,group,n,treated_n,control_n,diff,se,p
delta_avg_daily_census,formula_induced_overall_star_loss,14521,1525,12996,-1.0424534240305272,0.3319939210605693,0.0016929966326137968
delta_weekend_rn_lt8_day_share,formula_induced_overall_star_loss,14521,1525,12996,0.008479003833990289,0.002426692620025559,0.0004771557794285286
delta_zero_rn_day_share,formula_induced_overall_star_loss,14521,1525,12996,0.0010436775985495235,0.0009702828572365164,0.2821049905721216
delta_weekend_p10_total_hprd,formula_induced_overall_star_loss,14521,1525,12996,-0.08061072598637693,0.0131258054932665,8.393357120439759e-10
