outcome,group,n,treated_n,control_n,diff,se,p
delta_weekend_p10_total_hprd,high_shadow_price,14521,2089,12432,-0.01021702745258822,0.011048342213878841,0.3551078963289147
delta_weekend_rn_lt8_day_share,high_shadow_price,14521,2089,12432,-0.0003230198035627267,0.0027677046484010127,0.9070911951951866
delta_zero_rn_day_share,high_shadow_price,14521,2089,12432,-0.0006950913490645607,0.0011059247893180242,0.5296759003217291
