reference_year,active_states,mean_active_premium_reduction,high_income_person_years,active_high_income_person_years
2017,0,,10985,0
2018,2,11.849571917808218,8325,331
2019,6,18.32334632516704,9281,1039
2020,11,18.371434336023476,9709,1575
2021,13,15.123052631578949,6886,1385
2022,14,14.991028453890985,6879,1667
2023,16,15.59651566757493,6307,1722
