nonexpansion,post,income_band,person_months,persons,states,uninsured,any_coverage,market_or_subsidy,direct_purchase,marketplace_flag,source_employer_related,private,public,medicaid
0,0,100_150,41326,5393,37,0.20688571591975766,0.7931142840802423,0.2617432709423912,0.25676750684750643,0.22670394169870486,0.27399063524867834,0.38826541763286215,0.4614585581504826,0.44835374371627407
0,1,100_150,20931,2988,41,0.1799414415797266,0.8200585584202734,0.3119579753634868,0.309383278968126,0.2764873884977015,0.2257137829603114,0.3630258560746542,0.5220305471178445,0.5080901221046166
0,0,150_200,48399,6259,37,0.19646932087024224,0.8035306791297577,0.23087149650131358,0.22446617857621687,0.19719138204402675,0.382507243810438,0.5267404964146553,0.3323764041768649,0.31939141625929257
0,1,150_200,23619,3489,41,0.17302330999840265,0.8269766900015973,0.2657659385072836,0.26181026097531895,0.23591006526892638,0.3639627508973419,0.5190165629652508,0.3894898809422489,0.3770676639258408
1,0,100_150,30457,3816,19,0.3984633347977073,0.6015366652022927,0.16250101093158736,0.1595792841230977,0.13543051712096782,0.23013779866962253,0.4073224739954112,0.22252494117479543,0.20386553048286854
1,1,100_150,12137,1666,14,0.33429690073026563,0.6657030992697344,0.2139876534160695,0.20971491724678898,0.1678867068623166,0.24269329797085681,0.44531195856695543,0.2658535948284772,0.2479479853498513
1,0,150_200,33801,4359,19,0.32571289877149506,0.6742871012285049,0.15420790670078352,0.15054773958767498,0.11583062301233414,0.3550271704577368,0.5641744453845541,0.13925121257697223,0.12322294457611156
1,1,150_200,13924,1987,14,0.2832849582326285,0.7167150417673714,0.18169425270783396,0.1793433597777911,0.14221464071568285,0.3654177271521085,0.578798907181032,0.17394897181824368,0.1621403769810672
