model,outcome,coef,se_hc1,t_hc1,se_person_cluster,t_person_cluster,n,persons,clusters
pre_nonemployer_baseline,uninsured,-0.04451276545320792,0.0374123628636088,-1.1897876008389119,0.057084736590827974,-0.7797665034747652,43599,3987,3987
pre_nonemployer_baseline,employer_private,-0.041505623718241846,0.032794681849723076,-1.2656205633716897,0.05454267208313498,-0.7609752535588683,43599,3987,3987
pre_nonemployer_baseline,direct_purchase,0.11498544422785706,0.040625283967174027,2.8303911505152164,0.0726677395137534,1.5823451368828452,43599,3987,3987
pre_nonemployer_baseline,marketplace_flag,0.08875151058699227,0.03993509917314042,2.222393644302875,0.06988512415780454,1.2699628376789653,43599,3987,3987
pre_nonemployer_baseline,market_or_subsidy,0.11759329893746573,0.0406804163765939,2.8906611438993246,0.072712183167047,1.6172434084025515,43599,3987,3987
