reference_year,person_months,persons,rpritype1_employer,source_employer_related,source_current_employer,source_former_employer,source_union,source_bought_direct,agreement_rpritype1_source_employer
2017,42987,5801,0.6799995351703702,0.665765050495357,0.6242207468333597,0.027431580672752743,0.015807995567589394,0.06454988542843113,0.9857655153249868
2018,32755,4572,0.7064997778432183,0.6853370766722753,0.6463868675604845,0.03193110877534889,0.007661604152654668,0.05895879610941923,0.978837298829057
2019,33628,4770,0.6674987799048302,0.655042264716443,0.6114883548468002,0.02962655642181964,0.015881693114605668,0.06206021875935297,0.9875434848116128
2020,35217,5449,0.6832172426707719,0.6707849911757234,0.6303081015786773,0.030753801111357074,0.011240641935494991,0.05644880215401099,0.9875677485049515
2021,24930,3919,0.6697158622210064,0.6542823707477273,0.6170711440216613,0.02935367672465077,0.008655993255270882,0.06856800376028604,0.9845665085267209
2022,24459,3797,0.6779099858174769,0.6661197379165165,0.6314211988984801,0.0251171452081033,0.011342200830942945,0.056020621135289196,0.9882097520990396
2023,22504,3302,0.6749873295480364,0.6606273384626804,0.6325758703738573,0.01929765884176641,0.009654746327956482,0.07161499407091672,0.985640008914644
