subsidy_window,involuntary,events,persons,lag_current_employer_events,former_employer_private_m0_3,former_premium_all_paid_m0_3,employer_related_private_m0_3,uninsured_m0_3,direct_purchase_m0_3,market_or_subsidy_m0_3,any_coverage_m0_3
0,0,3433,3222,1918,0.04188469701284614,0.013098383917848446,0.5982347900038543,0.16473232349017072,0.141439565218978,0.14234599467088066,0.8352676765098292
0,1,1765,1660,933,0.042710861454277944,0.010172895790786512,0.5671532253067002,0.18828589122048875,0.15049647180281178,0.15158476401389764,0.8117141087795112
1,0,828,798,460,0.05066791783860373,0.008750699748187858,0.6170267721378917,0.16137197143048773,0.1550885829368648,0.15711418529159468,0.8386280285695122
1,1,296,283,151,0.039575724000737944,0.006676481760541756,0.5394908550397363,0.1809108978152946,0.18681309077757557,0.18681309077757557,0.8190891021847054
