post,above400,highpremium,person_months,persons,states,uninsured,employer_private,direct_purchase,marketplace_flag
0,0,0,21349,3208,19,0.11684715721603514,0.680977143505571,0.07885286497174025,0.05151072447909539
0,0,1,17945,2595,20,0.10528185425213517,0.6288660817819773,0.08643621034019634,0.0566864714888248
0,1,0,19340,2936,19,0.09551220446958188,0.6992851988909069,0.06119198336239247,0.04305236320805338
0,1,1,15355,2344,20,0.10620309423446489,0.6336724369081067,0.08285798153780811,0.05408512077017162
1,0,0,14676,2322,19,0.11136870927315398,0.6868275272337824,0.08404486197605802,0.06326194236369832
1,0,1,12023,1909,20,0.1134971482626175,0.5673667014294566,0.12425918778433036,0.09621223553310118
1,1,0,12703,2077,19,0.07871099078929215,0.733810881211757,0.08421419469545441,0.05905670240012562
1,1,1,10111,1700,20,0.09892721444072568,0.6277965876131686,0.10008486450560866,0.07540389911915178
