high_col,actual_2022_2023,high,pairs,persons,d_direct_market,d_exchange_subsidy,d_uninsured,d_private,d_employer_related_private
premium_gt_0912,0,0,3684,3182,0.04763946068813579,0.03276207122652349,0.017619545571338654,-0.0306938029888015,-0.069636124041365
premium_gt_0912,0,1,373,355,0.06942468652201385,0.043405428764084646,0.041768734950284915,-0.0651957001354178,-0.12720589324083847
premium_gt_0912,1,0,1079,1079,0.042855356803710776,0.03434318678745743,0.02704967753058555,-0.03418595130422403,-0.06941495991477992
premium_gt_0912,1,1,74,74,0.07315397673469096,0.020988167381169265,0.0068038818446219855,-0.006803881844621984,-0.05776974488855975
premium_gt_05,0,0,2957,2608,0.05058763424490569,0.03517699779435832,0.01819046542813417,-0.030808584093918272,-0.07288252145108386
premium_gt_05,0,1,1100,1001,0.046890904133944866,0.029727350568933147,0.024176349444867393,-0.041980988190725044,-0.08010366743341772
premium_gt_05,1,0,888,888,0.04472424964445246,0.03669666845159789,0.03082526451118376,-0.04017026937572952,-0.07497128398743755
premium_gt_05,1,1,265,265,0.04423424451327294,0.022835307306689666,0.008891258933904531,-0.006615219607349907,-0.047358822200788325
