georgia,period,target_low100,person_months,persons,states,work_activity_proxy,medicaid,uninsured,any_coverage,private,direct_purchase,market_or_subsidy,snap_month
0,post_jul_dec2023,0,3829,844,9,0.6730987041448312,0.19975648114533054,0.3010795619714852,0.6989204380285148,0.5353853093267558,0.2260110753965178,0.22722412230488612,0.12096451232211593
0,post_jul_dec2023,1,3475,717,9,0.4098886748773692,0.23834712870059935,0.38140051253766233,0.6185994874623376,0.3912112615722758,0.2146991643538875,0.2146991643538875,0.1923130035644418
0,pre_2022_to_jun2023,0,12873,1811,9,0.6901504283237972,0.25755900351224226,0.29893340720031364,0.7010665927996864,0.48940997976636313,0.20004251096296646,0.2049259548934539,0.1516889887159229
0,pre_2022_to_jun2023,1,12229,1610,9,0.4075348817674119,0.2786543476283048,0.3814104706549761,0.618589529345024,0.3530392535950564,0.1841048010481238,0.18688073441029235,0.24612693466599797
1,post_jul_dec2023,0,480,94,1,0.7459377157359495,0.1489774318163543,0.29647730601882816,0.7035226939811718,0.5862237262745762,0.16015821413857312,0.16015821413857312,0.1544610795182569
1,post_jul_dec2023,1,494,92,1,0.3230034245409908,0.23934256991979247,0.4168915719563056,0.5831084280436944,0.34431500487051925,0.19912023489729788,0.19912023489729788,0.14983942161531102
1,pre_2022_to_jun2023,0,1341,194,1,0.6399177504348248,0.15963996499324884,0.299910713007827,0.700089286992173,0.5691361879290889,0.1387215375511349,0.1387215375511349,0.18159844120961655
1,pre_2022_to_jun2023,1,1655,226,1,0.28602560000923644,0.2805283232918605,0.43244022607824156,0.5675597739217585,0.32710913959728977,0.18164742074097195,0.18164742074097195,0.28930608157758253
