expansion_active,eligible_le_138,person_months,persons,states,medicaid,uninsured,direct_purchase,market_or_subsidy,snap_month
0,0,135405,12997,19,0.14048877461607684,0.299070798406823,0.1403516036223053,0.14305466272751155,0.07822671519354055
0,1,152241,12523,19,0.2583275440859955,0.389548980235675,0.17099765761187233,0.17443056570613102,0.24009409667518533
1,0,12546,1447,9,0.2045653851653165,0.2143802755077056,0.16229652155091437,0.16784034683924864,0.06975406036531222
1,1,12244,1355,9,0.41280471316142225,0.23544719363530286,0.20809125590349772,0.20985122254869884,0.256456343854903
