period,age_side,person_months,persons,medicare,uninsured,any_coverage,private,direct_purchase,marketplace_flag,market_or_subsidy,oop_gt_1000,doctor_visit_any
post_2021_2023,60_64,106012,6728,0.171690971158266,0.06799445055272078,0.9320055494472792,0.7337971427968666,0.19625000272463872,0.14544913130139525,0.19902848287798403,0.2610933141562674,0.8413357263147053
post_2021_2023,65_70,129053,7813,0.8784377436555464,0.015505080143738996,0.984494919856261,0.5966235122647089,0.1746845683410117,0.06799007180821155,0.177677482264603,0.2369783693910722,0.8817529271813679
pre_2017_2020,60_64,197242,11706,0.1784161679648658,0.08004024631792875,0.9199597536820713,0.7334643594146939,0.17018183765959913,0.11284252267054747,0.1736929231317586,0.257892003083376,0.8438053915542909
pre_2017_2020,65_70,212542,11830,0.8909439969547883,0.015487052383002143,0.9845129476169978,0.6394199884980961,0.1752486770809714,0.049837598154315904,0.17902671011718646,0.23553033022420738,0.8865279863334877
