sample,person_months,persons,pre_60_64_uninsured,post_60_64_uninsured,pre_60_64_market_or_subsidy,post_60_64_market_or_subsidy
low_income_le250,220039,13935,0.1337072870442499,0.11499251354054674,0.2652451684756763,0.3051258396071376
middle_income_250_600,251502,16931,0.06805642647341033,0.06126298208509421,0.14845607029405852,0.17301728293071583
all_age60_70,644849,29792,0.08004024631792875,0.06799445055272078,0.1736929231317586,0.19902848287798403
