year,states_with_any_increase,states_with_50c_increase,mean_increase
2018,21,12,0.5838095238095237
2019,26,17,0.9715384615384617
2020,9,8,0.7522222222222221
2021,25,15,0.684
2022,26,22,0.8023076923076924
2023,28,26,0.9214285714285714
