sample,person_years,persons,states,target_person_years,early_end_target_person_years,active_treated_person_years,active_treated_persons,weighted_mean_food_insecure,weighted_mean_very_low_food,weighted_mean_food_score
lag_snap_2018_2022,27708,18831,50,5764,1545,318,291,0.2010022079298378,0.08566329270991299,0.861917625918678
lag_snap_2018_2023,31809,21116,50,6649,1778,551,437,0.20775461948403853,0.08798879318589808,0.8856396948211557
current_snap_2018_2022,56227,39158,51,11261,3059,663,589,0.20270548681634523,0.08701508280474436,0.8723417729819347
