variable,all_control_smd,matched_control_smd,treated_mean,all_control_mean,matched_control_mean
base_facility_per100k,0.30377714116448895,0.3646374628325304,13.185088833842077,11.573184325822512,11.398093528226658
base_targeted_services_per100k,0.33517531948437373,0.17439018560882696,23.13105221792523,20.153706288383333,21.71401426513888
base_crisis_intervention_per100k,0.24440248751934318,0.2134582279825637,2.718261911472412,2.373839200174196,2.4513838011026006
base_moud_any_per100k,0.4537479230402881,0.28608259436420025,3.8901072265054766,3.1157068886324732,3.4070749156718616
