treated_state,matched_state,distance
AL,SC,0.5357055003333019
IA,SD,0.49268698092526686
IL,WA,0.26774864069425497
IN,CT,0.5039757843446223
KS,LA,0.6204684615188103
ME,UT,2.6148053150961696
NH,UT,0.845460411973999
NM,AZ,0.23562334653930908
RI,OH,0.6458928825644618
VT,WY,1.684322166252046
