term,coef,se,t,p,n,df,moderator,model_status
treated_post_selection_2024,0.7653882928044681,0.5458113276590872,1.4022946282319158,0.16854076240053284,164,40,high_poverty,ok
treated_post_x_high_poverty,0.0,0.0,,,164,40,high_poverty,ok
treated_post_selection_2024,0.747409095253169,0.5975029290375202,1.250887751223451,0.21824285487044603,164,40,low_moud,ok
treated_post_x_low_moud,0.04494799387824733,0.861439260130544,0.05217778659337611,0.9586467441724462,164,40,low_moud,ok
treated_post_selection_2024,0.8777428406583833,0.5797080694119536,1.5141118210563314,0.13785994456045358,164,40,low_crisis,ok
treated_post_x_low_crisis,-0.3745151595130476,0.9407646702763868,-0.3980965392790728,0.6926759180422921,164,40,low_crisis,ok
