term,coef,se,t,p,n,df,model_status
treated_post_selection_2024,0.7888919181984834,0.6528239125280897,1.208429873751812,0.23397758592697948,164,40,ok
treated_post_x_low_capacity,-0.04700725078803133,0.807950473128329,-0.058180856811708356,0.9538942554303276,164,40,ok
