term,coef,se,t,p,n,df,outcome,model_status
fake_treated_post_2023,-0.077110295277549,0.785858187339938,-0.0981224049323208,0.9223251563024444,123,40,facility_per100k,ok
fake_treated_post_2023,1.7903198399243923,0.6411284439246644,2.79245111785239,0.00798503987696031,123,40,targeted_services_per100k,ok
fake_treated_post_2023,0.281234288785588,0.16491759270609965,1.7053019278954478,0.09589379977560153,123,40,crisis_intervention_per100k,ok
