outcome,timing,overall_att,pre_mean_abs_att,att_cells,treated_cohorts,bootstrap_se,bootstrap_ci_low,bootstrap_ci_high,bootstrap_draws
in_state_answer_rate,operational_start,0.06772170448506798,0.05652071097891945,202,8,0.03103077949151169,0.016891120258627487,0.13267086722726537,120
flowout_to_national_backup_rate,operational_start,-0.03754735263339221,0.04595979718907802,202,8,0.017075131963102542,-0.07190956780140327,-0.004903970940122319,120
abandoned_in_state_rate,operational_start,-0.029027571818353026,0.026189814889613548,202,8,0.020160301935766844,-0.0708069637547976,-0.0005728465502851585,120
average_speed_to_answer_seconds,operational_start,-4.791736334229485,3.297083514791579,202,8,3.8938549493333894,-12.569998646746974,0.6157820163150812,120
log_routed_per_100k,operational_start,-0.012345010306049588,0.08573313402253831,202,8,0.04622262959135025,-0.09946611859536117,0.09634215566752695,120
