model,outcome,term,estimate,std_error_cluster,t_stat,p_value,nobs,n_clusters,r2
mechanism_revenue_intensity,in_state_answer_rate,operational_treatment_active,-0.026101672416799615,0.03989530675480267,-0.6542542103315812,0.5159462426354691,2142,51,0.547565560315622
mechanism_revenue_intensity,in_state_answer_rate,active_x_revenue_per_capita,0.005429564713856089,0.007247550018663141,0.7491586397988887,0.4572717692653734,2142,51,0.547565560315622
mechanism_revenue_intensity,flowout_to_national_backup_rate,operational_treatment_active,0.045097240790262526,0.023561975923241676,1.9139838244965837,0.06135468175778214,2142,51,0.41235230691940894
mechanism_revenue_intensity,flowout_to_national_backup_rate,active_x_revenue_per_capita,-0.006369624752697322,0.005205584172800117,-1.2236138233974727,0.22683313193340915,2142,51,0.41235230691940894
mechanism_revenue_intensity,average_speed_to_answer_seconds,operational_treatment_active,-10.042187700696243,3.806351315226293,-2.6382713704132223,0.011079009665698303,2142,51,0.6497708779684488
mechanism_revenue_intensity,average_speed_to_answer_seconds,active_x_revenue_per_capita,0.8536339226043518,0.5544031053608449,1.539735103122747,0.12993028643198423,2142,51,0.6497708779684488
