outcome,sample,n,treated_time_slope_diff,se,p,sample_definition
avg_daily_census,raw,155038,-0.3185659393030036,0.12577241526679941,0.011314072162434075,2019Q1-2021Q3 pretrend regression
avg_daily_census,matched,28561,-0.30841163131019195,0.17870072197158116,0.08438422175599114,2019Q1-2021Q3 pretrend regression
weekend_rn_lt8_day_share,raw,155038,-0.0012882406586719529,0.0003310500232690749,9.97182796418361e-05,2019Q1-2021Q3 pretrend regression
weekend_rn_lt8_day_share,matched,28561,6.549066929712303e-05,0.0003588390726443066,0.8551860986123374,2019Q1-2021Q3 pretrend regression
zero_rn_day_share,raw,155038,-0.0005103554582154138,0.00012098472528353201,2.4624027373132407e-05,2019Q1-2021Q3 pretrend regression
zero_rn_day_share,matched,28561,-0.0001269569384685783,0.00013875056296554816,0.36019870008372656,2019Q1-2021Q3 pretrend regression
weekend_p10_total_hprd,raw,155038,0.010189342947082325,0.002133517644694085,1.7912009837584009e-06,2019Q1-2021Q3 pretrend regression
weekend_p10_total_hprd,matched,28561,0.0038981322950155414,0.0026615217668766278,0.14303416544878544,2019Q1-2021Q3 pretrend regression
